item,worker,label
0,0,1
0,1,1
0,2,1
0,3,1
0,4,1
0,5,1
0,6,1
0,7,1
0,8,1
1,0,1
1,1,1
1,2,1
1,3,1
1,4,1
1,5,1
1,6,1
1,7,1
1,8,1
2,0,1
2,1,1
2,2,1
2,3,1
2,4,1
2,5,1
2,6,1
2,7,1
2,8,1
3,0,1
3,1,1
3,2,1
3,3,1
3,4,1
3,5,1
3,6,1
3,7,1
3,8,1
4,0,1
4,1,1
4,2,1
4,3,1
4,4,1
4,5,1
4,6,1
4,7,1
4,8,1
5,0,1
5,1,1
5,2,1
5,3,1
5,4,12
5,5,12
5,6,12
5,7,1
5,8,1
6,0,5
6,1,1
6,2,12
6,3,1
6,4,12
6,5,5
6,6,12
6,7,12
6,8,12
7,0,1
7,1,1
7,2,1
7,3,1
7,4,1
7,5,1
7,6,1
7,7,1
7,8,1
8,0,5
8,1,5
8,2,12
8,3,5
8,4,12
8,5,1
8,6,12
8,7,12
8,8,1
9,0,5
9,1,5
9,2,5
9,3,5
9,4,5
9,5,5
9,6,5
9,7,5
9,8,5
10,0,5
10,1,5
10,2,5
10,3,5
10,4,5
10,5,5
10,6,5
10,7,5
10,8,5
11,0,1
11,1,5
11,2,5
11,3,1
11,4,5
11,5,1
11,6,5
11,7,5
11,8,5
12,0,5
12,1,5
12,2,5
12,3,5
12,4,5
12,5,5
12,6,5
12,7,5
12,8,5
13,0,5
13,1,5
13,2,5
13,3,5
13,4,5
13,5,5
13,6,5
13,7,5
13,8,5
14,0,5
14,1,5
14,2,5
14,3,5
14,4,5
14,5,5
14,6,5
14,7,5
14,8,5
15,0,12
15,1,5
15,2,5
15,3,12
15,4,5
15,5,5
15,6,5
15,7,5
15,8,5
16,0,5
16,1,5
16,2,5
16,3,5
16,4,5
16,5,5
16,6,5
16,7,5
16,8,5
17,0,5
17,1,5
17,2,5
17,3,5
17,4,5
17,5,5
17,6,5
17,7,5
17,8,5
18,0,5
18,1,5
18,2,5
18,3,5
18,4,5
18,5,5
18,6,5
18,7,5
18,8,5
19,0,12
19,1,17
19,2,17
19,3,12
19,4,17
19,5,17
19,6,17
19,7,17
19,8,17
20,0,15
20,1,17
20,2,17
20,3,15
20,4,17
20,5,17
20,6,17
20,7,17
20,8,17
21,0,12
21,1,12
21,2,12
21,3,12
21,4,12
21,5,12
21,6,12
21,7,12
21,8,12
22,0,5
22,1,12
22,2,5
22,3,5
22,4,5
22,5,5
22,6,12
22,7,1
22,8,1
23,0,12
23,1,12
23,2,12
23,3,12
23,4,12
23,5,12
23,6,12
23,7,12
23,8,12
24,0,12
24,1,12
24,2,12
24,3,12
24,4,12
24,5,12
24,6,12
24,7,12
24,8,12
25,0,1
25,1,1
25,2,1
25,3,1
25,4,1
25,5,1
25,6,1
25,7,12
25,8,1
26,0,12
26,1,12
26,2,12
26,3,12
26,4,12
26,5,12
26,6,12
26,7,12
26,8,12
27,0,12
27,1,12
27,2,12
27,3,12
27,4,12
27,5,12
27,6,12
27,7,12
27,8,12
28,0,12
28,1,12
28,2,12
28,3,12
28,4,12
28,5,12
28,6,12
28,7,12
28,8,12
29,0,12
29,1,12
29,2,12
29,3,12
29,4,12
29,5,12
29,6,12
29,7,12
29,8,12
30,0,15
30,1,15
30,2,15
30,3,15
30,4,15
30,5,15
30,6,15
30,7,15
30,8,15
31,0,15
31,1,15
31,2,15
31,3,15
31,4,15
31,5,15
31,6,15
31,7,15
31,8,15
32,0,15
32,1,15
32,2,15
32,3,15
32,4,15
32,5,15
32,6,15
32,7,15
32,8,15
33,0,15
33,1,15
33,2,15
33,3,15
33,4,15
33,5,15
33,6,15
33,7,15
33,8,15
34,0,15
34,1,15
34,2,15
34,3,15
34,4,15
34,5,15
34,6,15
34,7,15
34,8,15
35,0,15
35,1,15
35,2,15
35,3,15
35,4,15
35,5,15
35,6,15
35,7,15
35,8,15
36,0,15
36,1,15
36,2,15
36,3,15
36,4,15
36,5,15
36,6,15
36,7,15
36,8,15
37,0,15
37,1,15
37,2,15
37,3,15
37,4,15
37,5,15
37,6,15
37,7,15
37,8,15
38,0,15
38,1,15
38,2,15
38,3,15
38,4,15
38,5,15
38,6,15
38,7,15
38,8,15
39,0,15
39,1,2
39,2,2
39,3,15
39,4,2
39,5,2
39,6,2
39,7,2
39,8,2
40,0,15
40,1,2
40,2,2
40,3,15
40,4,2
40,5,2
40,6,2
40,7,2
40,8,2
41,0,2
41,1,2
41,2,2
41,3,15
41,4,2
41,5,2
41,6,2
41,7,2
41,8,2
42,0,15
42,1,2
42,2,2
42,3,12
42,4,2
42,5,2
42,6,2
42,7,2
42,8,2
43,0,6
43,1,6
43,2,6
43,3,6
43,4,6
43,5,6
43,6,6
43,7,6
43,8,6
44,0,15
44,1,6
44,2,6
44,3,15
44,4,6
44,5,6
44,6,6
44,7,6
44,8,6
45,0,5
45,1,6
45,2,6
45,3,15
45,4,6
45,5,6
45,6,6
45,7,6
45,8,6
46,0,6
46,1,6
46,2,6
46,3,6
46,4,6
46,5,6
46,6,6
46,7,6
46,8,6
47,0,15
47,1,7
47,2,7
47,3,15
47,4,7
47,5,7
47,6,7
47,7,7
47,8,7
48,0,15
48,1,7
48,2,7
48,3,15
48,4,7
48,5,7
48,6,7
48,7,7
48,8,7
49,0,1
49,1,4
49,2,3
49,3,1
49,4,4
49,5,3
49,6,3
49,7,4
49,8,3
50,0,1
50,1,4
50,2,4
50,3,1
50,4,4
50,5,4
50,6,4
50,7,4
50,8,4
51,0,5
51,1,11
51,2,11
51,3,1
51,4,11
51,5,11
51,6,11
51,7,11
51,8,11
52,0,1
52,1,11
52,2,11
52,3,1
52,4,11
52,5,11
52,6,11
52,7,11
52,8,11
53,0,1
53,1,3
53,2,3
53,3,5
53,4,3
53,5,3
53,6,3
53,7,3
53,8,3
54,0,1
54,1,3
54,2,3
54,3,1
54,4,3
54,5,3
54,6,3
54,7,3
54,8,3
55,0,15
55,1,13
55,2,13
55,3,15
55,4,13
55,5,13
55,6,13
55,7,13
55,8,13
56,0,5
56,1,14
56,2,14
56,3,1
56,4,12
56,5,5
56,6,12
56,7,14
56,8,12
57,0,1
57,1,14
57,2,14
57,3,1
57,4,14
57,5,14
57,6,14
57,7,14
57,8,14
58,0,15
58,1,10
58,2,10
58,3,15
58,4,10
58,5,10
58,6,10
58,7,10
58,8,10
59,0,15
59,1,10
59,2,10
59,3,15
59,4,10
59,5,10
59,6,10
59,7,10
59,8,10
60,0,15
60,1,8
60,2,8
60,3,15
60,4,8
60,5,8
60,6,8
60,7,8
60,8,8
61,0,15
61,1,8
61,2,8
61,3,15
61,4,8
61,5,8
61,6,8
61,7,8
61,8,8
62,0,6
62,1,9
62,2,9
62,3,12
62,4,9
62,5,9
62,6,9
62,7,9
62,8,9
63,0,15
63,1,18
63,2,18
63,3,15
63,4,15
63,5,18
63,6,18
63,7,10
63,8,18
64,0,15
64,1,18
64,2,18
64,3,15
64,4,18
64,5,18
64,6,18
64,7,18
64,8,18
65,0,15
65,1,16
65,2,16
65,3,15
65,4,16
65,5,16
65,6,16
65,7,16
65,8,16
66,0,6
66,1,16
66,2,16
66,3,1
66,4,16
66,5,16
66,6,16
66,7,16
66,8,16
67,0,6
67,1,0
67,2,0
67,3,15
67,4,0
67,5,0
67,6,0
67,7,0
67,8,0
68,0,6
68,1,0
68,2,0
68,3,1
68,4,0
68,5,0
68,6,0
68,7,0
68,8,0
69,0,1
69,1,1
69,2,1
69,3,1
69,4,1
69,5,1
69,6,1
69,7,1
69,8,1
70,0,1
70,1,1
70,2,1
70,3,1
70,4,1
70,5,1
70,6,1
70,7,1
70,8,1
71,0,1
71,1,1
71,2,1
71,3,1
71,4,1
71,5,1
71,6,1
71,7,1
71,8,1
72,0,1
72,1,1
72,2,1
72,3,1
72,4,1
72,5,14
72,6,1
72,7,1
72,8,1
73,0,1
73,1,1
73,2,1
73,3,1
73,4,1
73,5,1
73,6,1
73,7,1
73,8,1
74,0,1
74,1,1
74,2,1
74,3,1
74,4,1
74,5,1
74,6,1
74,7,1
74,8,1
75,0,1
75,1,1
75,2,1
75,3,1
75,4,1
75,5,1
75,6,1
75,7,1
75,8,1
76,0,1
76,1,1
76,2,1
76,3,1
76,4,1
76,5,1
76,6,1
76,7,1
76,8,1
77,0,1
77,1,1
77,2,1
77,3,1
77,4,1
77,5,1
77,6,1
77,7,1
77,8,1
78,0,5
78,1,5
78,2,5
78,3,5
78,4,5
78,5,5
78,6,5
78,7,5
78,8,5
79,0,5
79,1,5
79,2,12
79,3,5
79,4,12
79,5,5
79,6,1
79,7,1
79,8,1
80,0,12
80,1,5
80,2,5
80,3,12
80,4,5
80,5,12
80,6,5
80,7,5
80,8,12
81,0,5
81,1,5
81,2,5
81,3,5
81,4,5
81,5,5
81,6,5
81,7,5
81,8,5
82,0,5
82,1,5
82,2,5
82,3,5
82,4,5
82,5,5
82,6,5
82,7,5
82,8,5
83,0,1
83,1,5
83,2,5
83,3,1
83,4,5
83,5,1
83,6,5
83,7,1
83,8,1
84,0,5
84,1,5
84,2,5
84,3,5
84,4,5
84,5,5
84,6,5
84,7,5
84,8,5
85,0,5
85,1,5
85,2,5
85,3,5
85,4,5
85,5,14
85,6,14
85,7,5
85,8,14
86,0,5
86,1,5
86,2,5
86,3,5
86,4,5
86,5,5
86,6,5
86,7,5
86,8,5
87,0,5
87,1,5
87,2,5
87,3,5
87,4,5
87,5,5
87,6,5
87,7,5
87,8,5
88,0,12
88,1,17
88,2,17
88,3,12
88,4,17
88,5,17
88,6,17
88,7,17
88,8,17
89,0,15
89,1,17
89,2,17
89,3,15
89,4,17
89,5,17
89,6,17
89,7,17
89,8,17
90,0,1
90,1,1
90,2,1
90,3,1
90,4,1
90,5,1
90,6,1
90,7,1
90,8,1
91,0,12
91,1,12
91,2,12
91,3,12
91,4,12
91,5,12
91,6,12
91,7,12
91,8,12
92,0,12
92,1,12
92,2,12
92,3,12
92,4,12
92,5,12
92,6,12
92,7,12
92,8,12
93,0,1
93,1,1
93,2,12
93,3,1
93,4,12
93,5,1
93,6,12
93,7,12
93,8,12
94,0,1
94,1,1
94,2,1
94,3,1
94,4,12
94,5,1
94,6,12
94,7,12
94,8,1
95,0,5
95,1,5
95,2,12
95,3,5
95,4,12
95,5,5
95,6,1
95,7,12
95,8,12
96,0,12
96,1,12
96,2,12
96,3,12
96,4,12
96,5,12
96,6,12
96,7,12
96,8,12
97,0,1
97,1,1
97,2,1
97,3,1
97,4,12
97,5,1
97,6,12
97,7,12
97,8,1
98,0,12
98,1,12
98,2,12
98,3,12
98,4,12
98,5,12
98,6,12
98,7,12
98,8,12
99,0,15
99,1,15
99,2,15
99,3,15
99,4,15
99,5,15
99,6,15
99,7,15
99,8,15
100,0,15
100,1,15
100,2,15
100,3,15
100,4,15
100,5,15
100,6,15
100,7,15
100,8,15
101,0,15
101,1,15
101,2,15
101,3,15
101,4,15
101,5,15
101,6,15
101,7,15
101,8,15
102,0,15
102,1,15
102,2,15
102,3,15
102,4,15
102,5,15
102,6,15
102,7,15
102,8,15
103,0,15
103,1,15
103,2,15
103,3,15
103,4,15
103,5,15
103,6,15
103,7,15
103,8,15
104,0,15
104,1,15
104,2,15
104,3,15
104,4,15
104,5,15
104,6,15
104,7,15
104,8,15
105,0,15
105,1,15
105,2,15
105,3,15
105,4,15
105,5,15
105,6,15
105,7,15
105,8,15
106,0,15
106,1,15
106,2,15
106,3,15
106,4,15
106,5,15
106,6,15
106,7,15
106,8,15
107,0,15
107,1,2
107,2,2
107,3,15
107,4,2
107,5,2
107,6,2
107,7,2
107,8,2
108,0,15
108,1,2
108,2,2
108,3,12
108,4,2
108,5,2
108,6,2
108,7,2
108,8,2
109,0,15
109,1,2
109,2,2
109,3,15
109,4,2
109,5,2
109,6,2
109,7,2
109,8,2
110,0,15
110,1,10
110,2,2
110,3,15
110,4,15
110,5,2
110,6,2
110,7,15
110,8,2
111,0,15
111,1,2
111,2,2
111,3,12
111,4,2
111,5,2
111,6,2
111,7,2
111,8,2
112,0,15
112,1,6
112,2,6
112,3,15
112,4,6
112,5,6
112,6,6
112,7,6
112,8,6
113,0,6
113,1,6
113,2,6
113,3,6
113,4,6
113,5,6
113,6,6
113,7,6
113,8,6
114,0,6
114,1,6
114,2,6
114,3,6
114,4,6
114,5,6
114,6,6
114,7,6
114,8,6
115,0,15
115,1,6
115,2,6
115,3,15
115,4,6
115,5,6
115,6,6
115,7,6
115,8,6
116,0,15
116,1,7
116,2,7
116,3,15
116,4,7
116,5,7
116,6,7
116,7,7
116,8,7
117,0,15
117,1,7
117,2,7
117,3,15
117,4,7
117,5,7
117,6,7
117,7,7
117,8,7
118,0,5
118,1,4
118,2,4
118,3,5
118,4,4
118,5,4
118,6,4
118,7,4
118,8,4
119,0,5
119,1,4
119,2,4
119,3,5
119,4,4
119,5,4
119,6,4
119,7,4
119,8,4
120,0,1
120,1,11
120,2,11
120,3,1
120,4,11
120,5,11
120,6,11
120,7,11
120,8,11
121,0,1
121,1,11
121,2,11
121,3,1
121,4,11
121,5,11
121,6,11
121,7,11
121,8,11
122,0,1
122,1,3
122,2,4
122,3,1
122,4,3
122,5,3
122,6,3
122,7,4
122,8,4
123,0,1
123,1,3
123,2,3
123,3,1
123,4,3
123,5,3
123,6,3
123,7,3
123,8,3
124,0,15
124,1,13
124,2,13
124,3,15
124,4,13
124,5,13
124,6,13
124,7,13
124,8,13
125,0,5
125,1,14
125,2,14
125,3,1
125,4,14
125,5,14
125,6,14
125,7,14
125,8,14
126,0,5
126,1,14
126,2,14
126,3,5
126,4,14
126,5,14
126,6,14
126,7,14
126,8,14
127,0,15
127,1,10
127,2,10
127,3,15
127,4,10
127,5,10
127,6,10
127,7,10
127,8,10
128,0,15
128,1,10
128,2,10
128,3,15
128,4,10
128,5,10
128,6,10
128,7,10
128,8,10
129,0,15
129,1,8
129,2,8
129,3,15
129,4,8
129,5,8
129,6,8
129,7,8
129,8,8
130,0,6
130,1,9
130,2,9
130,3,12
130,4,9
130,5,9
130,6,9
130,7,9
130,8,9
131,0,6
131,1,9
131,2,9
131,3,1
131,4,9
131,5,9
131,6,9
131,7,9
131,8,9
132,0,15
132,1,18
132,2,18
132,3,15
132,4,18
132,5,18
132,6,18
132,7,18
132,8,18
133,0,15
133,1,18
133,2,18
133,3,15
133,4,18
133,5,18
133,6,18
133,7,18
133,8,18
134,0,15
134,1,16
134,2,16
134,3,15
134,4,16
134,5,16
134,6,16
134,7,16
134,8,16
135,0,6
135,1,16
135,2,16
135,3,1
135,4,16
135,5,16
135,6,16
135,7,16
135,8,16
136,0,15
136,1,0
136,2,0
136,3,1
136,4,0
136,5,0
136,6,0
136,7,0
136,8,0
137,0,6
137,1,0
137,2,0
137,3,15
137,4,0
137,5,0
137,6,0
137,7,0
137,8,0
138,0,1
138,1,1
138,2,1
138,3,1
138,4,1
138,5,1
138,6,1
138,7,1
138,8,1
139,0,1
139,1,1
139,2,1
139,3,1
139,4,1
139,5,1
139,6,1
139,7,1
139,8,1
140,0,1
140,1,1
140,2,1
140,3,1
140,4,1
140,5,1
140,6,1
140,7,1
140,8,1
141,0,1
141,1,1
141,2,1
141,3,1
141,4,1
141,5,1
141,6,1
141,7,1
141,8,1
142,0,1
142,1,1
142,2,1
142,3,1
142,4,1
142,5,1
142,6,1
142,7,1
142,8,1
143,0,1
143,1,1
143,2,1
143,3,1
143,4,1
143,5,1
143,6,1
143,7,1
143,8,1
144,0,1
144,1,1
144,2,1
144,3,1
144,4,12
144,5,1
144,6,1
144,7,12
144,8,1
145,0,1
145,1,12
145,2,1
145,3,1
145,4,12
145,5,12
145,6,1
145,7,1
145,8,1
146,0,1
146,1,1
146,2,1
146,3,1
146,4,1
146,5,5
146,6,1
146,7,1
146,8,1
147,0,5
147,1,5
147,2,5
147,3,5
147,4,5
147,5,5
147,6,5
147,7,5
147,8,5
148,0,5
148,1,5
148,2,5
148,3,1
148,4,5
148,5,5
148,6,5
148,7,5
148,8,5
149,0,5
149,1,5
149,2,5
149,3,5
149,4,5
149,5,5
149,6,5
149,7,5
149,8,5
150,0,5
150,1,5
150,2,5
150,3,5
150,4,5
150,5,5
150,6,5
150,7,5
150,8,5
151,0,5
151,1,5
151,2,5
151,3,5
151,4,5
151,5,5
151,6,5
151,7,5
151,8,5
152,0,5
152,1,5
152,2,5
152,3,5
152,4,5
152,5,5
152,6,5
152,7,5
152,8,5
153,0,5
153,1,5
153,2,5
153,3,5
153,4,5
153,5,1
153,6,5
153,7,5
153,8,5
154,0,5
154,1,5
154,2,5
154,3,5
154,4,5
154,5,5
154,6,5
154,7,5
154,8,5
155,0,5
155,1,5
155,2,5
155,3,5
155,4,5
155,5,5
155,6,5
155,7,5
155,8,5
156,0,15
156,1,17
156,2,17
156,3,15
156,4,17
156,5,17
156,6,17
156,7,17
156,8,17
157,0,12
157,1,17
157,2,17
157,3,12
157,4,17
157,5,17
157,6,17
157,7,17
157,8,17
158,0,12
158,1,12
158,2,12
158,3,12
158,4,12
158,5,12
158,6,12
158,7,12
158,8,12
159,0,12
159,1,12
159,2,12
159,3,1
159,4,12
159,5,12
159,6,5
159,7,12
159,8,12
160,0,1
160,1,12
160,2,1
160,3,1
160,4,12
160,5,12
160,6,1
160,7,12
160,8,1
161,0,12
161,1,12
161,2,12
161,3,12
161,4,12
161,5,12
161,6,12
161,7,12
161,8,12
162,0,5
162,1,12
162,2,12
162,3,12
162,4,12
162,5,12
162,6,12
162,7,12
162,8,12
163,0,12
163,1,12
163,2,12
163,3,12
163,4,12
163,5,12
163,6,12
163,7,12
163,8,12
164,0,12
164,1,12
164,2,12
164,3,12
164,4,12
164,5,12
164,6,12
164,7,12
164,8,12
165,0,12
165,1,12
165,2,12
165,3,12
165,4,12
165,5,12
165,6,12
165,7,12
165,8,12
166,0,5
166,1,12
166,2,12
166,3,5
166,4,12
166,5,12
166,6,12
166,7,12
166,8,12
167,0,12
167,1,12
167,2,12
167,3,12
167,4,12
167,5,12
167,6,12
167,7,12
167,8,12
168,0,15
168,1,15
168,2,15
168,3,15
168,4,15
168,5,15
168,6,15
168,7,15
168,8,15
169,0,15
169,1,15
169,2,15
169,3,15
169,4,15
169,5,15
169,6,15
169,7,15
169,8,15
170,0,15
170,1,15
170,2,15
170,3,15
170,4,15
170,5,15
170,6,15
170,7,15
170,8,15
171,0,15
171,1,15
171,2,15
171,3,15
171,4,15
171,5,15
171,6,15
171,7,15
171,8,15
172,0,15
172,1,15
172,2,15
172,3,15
172,4,15
172,5,15
172,6,15
172,7,15
172,8,15
173,0,15
173,1,15
173,2,15
173,3,15
173,4,15
173,5,15
173,6,15
173,7,15
173,8,15
174,0,15
174,1,15
174,2,15
174,3,15
174,4,15
174,5,15
174,6,15
174,7,15
174,8,15
175,0,15
175,1,15
175,2,15
175,3,15
175,4,15
175,5,15
175,6,15
175,7,15
175,8,15
176,0,15
176,1,2
176,2,2
176,3,15
176,4,2
176,5,2
176,6,2
176,7,2
176,8,2
177,0,15
177,1,2
177,2,2
177,3,15
177,4,2
177,5,2
177,6,2
177,7,2
177,8,2
178,0,15
178,1,2
178,2,2
178,3,15
178,4,2
178,5,2
178,6,2
178,7,2
178,8,2
179,0,15
179,1,2
179,2,2
179,3,15
179,4,2
179,5,2
179,6,2
179,7,2
179,8,2
180,0,15
180,1,2
180,2,2
180,3,15
180,4,2
180,5,2
180,6,2
180,7,2
180,8,2
181,0,15
181,1,6
181,2,6
181,3,15
181,4,6
181,5,6
181,6,6
181,7,6
181,8,6
182,0,12
182,1,6
182,2,6
182,3,12
182,4,6
182,5,6
182,6,6
182,7,6
182,8,6
183,0,6
183,1,6
183,2,6
183,3,6
183,4,6
183,5,6
183,6,6
183,7,6
183,8,6
184,0,5
184,1,6
184,2,6
184,3,15
184,4,6
184,5,6
184,6,6
184,7,6
184,8,6
185,0,15
185,1,7
185,2,7
185,3,15
185,4,7
185,5,7
185,6,7
185,7,7
185,8,7
186,0,15
186,1,7
186,2,7
186,3,15
186,4,7
186,5,7
186,6,7
186,7,7
186,8,7
187,0,1
187,1,3
187,2,4
187,3,1
187,4,4
187,5,4
187,6,4
187,7,4
187,8,4
188,0,5
188,1,4
188,2,4
188,3,5
188,4,4
188,5,4
188,6,4
188,7,4
188,8,4
189,0,5
189,1,11
189,2,11
189,3,5
189,4,11
189,5,11
189,6,11
189,7,11
189,8,11
190,0,5
190,1,11
190,2,11
190,3,5
190,4,11
190,5,11
190,6,11
190,7,11
190,8,11
191,0,1
191,1,3
191,2,3
191,3,1
191,4,3
191,5,3
191,6,3
191,7,3
191,8,3
192,0,1
192,1,3
192,2,3
192,3,1
192,4,3
192,5,3
192,6,3
192,7,3
192,8,12
193,0,5
193,1,13
193,2,13
193,3,5
193,4,13
193,5,13
193,6,13
193,7,13
193,8,13
194,0,5
194,1,1
194,2,12
194,3,5
194,4,5
194,5,1
194,6,1
194,7,14
194,8,12
195,0,1
195,1,14
195,2,1
195,3,1
195,4,14
195,5,14
195,6,14
195,7,14
195,8,14
196,0,15
196,1,10
196,2,10
196,3,15
196,4,10
196,5,10
196,6,10
196,7,10
196,8,10
197,0,15
197,1,10
197,2,10
197,3,15
197,4,10
197,5,10
197,6,10
197,7,10
197,8,10
198,0,15
198,1,8
198,2,8
198,3,15
198,4,8
198,5,8
198,6,8
198,7,8
198,8,8
199,0,6
199,1,9
199,2,9
199,3,12
199,4,9
199,5,9
199,6,9
199,7,9
199,8,9
200,0,6
200,1,9
200,2,9
200,3,12
200,4,9
200,5,9
200,6,9
200,7,9
200,8,9
201,0,15
201,1,18
201,2,18
201,3,15
201,4,18
201,5,18
201,6,18
201,7,18
201,8,18
202,0,15
202,1,18
202,2,18
202,3,15
202,4,18
202,5,18
202,6,18
202,7,18
202,8,18
203,0,15
203,1,16
203,2,16
203,3,5
203,4,16
203,5,16
203,6,16
203,7,16
203,8,16
204,0,15
204,1,16
204,2,16
204,3,1
204,4,16
204,5,16
204,6,16
204,7,16
204,8,16
205,0,6
205,1,0
205,2,0
205,3,15
205,4,0
205,5,0
205,6,0
205,7,0
205,8,0
206,0,1
206,1,12
206,2,1
206,3,1
206,4,12
206,5,12
206,6,12
206,7,1
206,8,12
207,0,5
207,1,12
207,2,12
207,3,5
207,4,5
207,5,5
207,6,5
207,7,12
207,8,12
208,0,1
208,1,1
208,2,1
208,3,1
208,4,1
208,5,1
208,6,1
208,7,1
208,8,1
209,0,1
209,1,1
209,2,1
209,3,1
209,4,1
209,5,5
209,6,1
209,7,1
209,8,1
210,0,1
210,1,1
210,2,1
210,3,1
210,4,1
210,5,1
210,6,1
210,7,1
210,8,1
211,0,1
211,1,1
211,2,1
211,3,1
211,4,1
211,5,1
211,6,1
211,7,1
211,8,1
212,0,1
212,1,1
212,2,1
212,3,1
212,4,1
212,5,1
212,6,1
212,7,1
212,8,12
213,0,1
213,1,1
213,2,1
213,3,1
213,4,1
213,5,1
213,6,1
213,7,1
213,8,1
214,0,1
214,1,1
214,2,1
214,3,1
214,4,1
214,5,1
214,6,1
214,7,1
214,8,1
215,0,5
215,1,5
215,2,5
215,3,5
215,4,5
215,5,5
215,6,5
215,7,5
215,8,5
216,0,5
216,1,5
216,2,5
216,3,5
216,4,5
216,5,5
216,6,5
216,7,5
216,8,5
217,0,5
217,1,5
217,2,5
217,3,5
217,4,5
217,5,5
217,6,5
217,7,5
217,8,5
218,0,5
218,1,5
218,2,5
218,3,5
218,4,5
218,5,5
218,6,5
218,7,5
218,8,5
219,0,5
219,1,5
219,2,5
219,3,5
219,4,5
219,5,5
219,6,5
219,7,5
219,8,5
220,0,12
220,1,5
220,2,5
220,3,5
220,4,5
220,5,5
220,6,5
220,7,5
220,8,5
221,0,5
221,1,5
221,2,5
221,3,5
221,4,5
221,5,5
221,6,5
221,7,5
221,8,5
222,0,5
222,1,5
222,2,5
222,3,5
222,4,5
222,5,5
222,6,5
222,7,5
222,8,5
223,0,12
223,1,5
223,2,5
223,3,12
223,4,5
223,5,5
223,6,5
223,7,5
223,8,5
224,0,1
224,1,17
224,2,17
224,3,1
224,4,17
224,5,17
224,6,17
224,7,17
224,8,17
225,0,15
225,1,17
225,2,17
225,3,15
225,4,17
225,5,17
225,6,17
225,7,17
225,8,17
226,0,12
226,1,12
226,2,12
226,3,12
226,4,12
226,5,12
226,6,12
226,7,12
226,8,12
227,0,12
227,1,12
227,2,12
227,3,12
227,4,12
227,5,12
227,6,12
227,7,12
227,8,12
228,0,12
228,1,12
228,2,12
228,3,12
228,4,12
228,5,12
228,6,12
228,7,12
228,8,12
229,0,12
229,1,12
229,2,12
229,3,12
229,4,12
229,5,12
229,6,12
229,7,12
229,8,12
230,0,12
230,1,12
230,2,12
230,3,12
230,4,12
230,5,12
230,6,12
230,7,12
230,8,12
231,0,12
231,1,12
231,2,12
231,3,12
231,4,12
231,5,12
231,6,12
231,7,12
231,8,12
232,0,1
232,1,1
232,2,1
232,3,1
232,4,12
232,5,12
232,6,12
232,7,12
232,8,12
233,0,5
233,1,1
233,2,1
233,3,5
233,4,5
233,5,1
233,6,12
233,7,1
233,8,5
234,0,12
234,1,12
234,2,12
234,3,12
234,4,12
234,5,12
234,6,12
234,7,12
234,8,12
235,0,15
235,1,15
235,2,15
235,3,15
235,4,15
235,5,15
235,6,15
235,7,15
235,8,15
236,0,15
236,1,15
236,2,15
236,3,15
236,4,15
236,5,15
236,6,15
236,7,15
236,8,15
237,0,15
237,1,15
237,2,15
237,3,15
237,4,15
237,5,15
237,6,15
237,7,15
237,8,15
238,0,15
238,1,15
238,2,15
238,3,15
238,4,15
238,5,15
238,6,15
238,7,15
238,8,15
239,0,15
239,1,15
239,2,15
239,3,15
239,4,15
239,5,15
239,6,15
239,7,15
239,8,15
240,0,15
240,1,15
240,2,15
240,3,15
240,4,15
240,5,15
240,6,15
240,7,15
240,8,15
241,0,15
241,1,15
241,2,15
241,3,15
241,4,15
241,5,15
241,6,15
241,7,15
241,8,15
242,0,15
242,1,15
242,2,15
242,3,15
242,4,15
242,5,15
242,6,15
242,7,15
242,8,15
243,0,15
243,1,15
243,2,15
243,3,15
243,4,15
243,5,15
243,6,15
243,7,15
243,8,15
244,0,2
244,1,2
244,2,2
244,3,15
244,4,2
244,5,2
244,6,2
244,7,2
244,8,2
245,0,15
245,1,2
245,2,2
245,3,15
245,4,2
245,5,2
245,6,2
245,7,2
245,8,2
246,0,15
246,1,2
246,2,2
246,3,15
246,4,2
246,5,2
246,6,2
246,7,2
246,8,2
247,0,15
247,1,2
247,2,2
247,3,15
247,4,2
247,5,2
247,6,2
247,7,2
247,8,2
248,0,15
248,1,2
248,2,2
248,3,15
248,4,2
248,5,2
248,6,2
248,7,2
248,8,2
249,0,6
249,1,6
249,2,6
249,3,6
249,4,6
249,5,6
249,6,6
249,7,6
249,8,6
250,0,6
250,1,6
250,2,6
250,3,6
250,4,6
250,5,6
250,6,6
250,7,6
250,8,6
251,0,6
251,1,6
251,2,6
251,3,6
251,4,6
251,5,6
251,6,6
251,7,6
251,8,6
252,0,5
252,1,6
252,2,6
252,3,15
252,4,6
252,5,6
252,6,6
252,7,6
252,8,6
253,0,15
253,1,7
253,2,7
253,3,15
253,4,7
253,5,7
253,6,7
253,7,7
253,8,7
254,0,15
254,1,7
254,2,7
254,3,15
254,4,7
254,5,7
254,6,7
254,7,7
254,8,7
255,0,1
255,1,3
255,2,4
255,3,1
255,4,3
255,5,3
255,6,3
255,7,3
255,8,3
256,0,1
256,1,4
256,2,4
256,3,5
256,4,4
256,5,4
256,6,4
256,7,4
256,8,4
257,0,5
257,1,11
257,2,11
257,3,5
257,4,11
257,5,11
257,6,11
257,7,11
257,8,11
258,0,5
258,1,11
258,2,11
258,3,5
258,4,11
258,5,11
258,6,11
258,7,11
258,8,11
259,0,1
259,1,3
259,2,3
259,3,1
259,4,3
259,5,3
259,6,3
259,7,3
259,8,3
260,0,15
260,1,3
260,2,3
260,3,15
260,4,3
260,5,3
260,6,3
260,7,3
260,8,3
261,0,5
261,1,13
261,2,13
261,3,5
261,4,13
261,5,13
261,6,13
261,7,13
261,8,13
262,0,5
262,1,14
262,2,14
262,3,5
262,4,14
262,5,14
262,6,14
262,7,14
262,8,14
263,0,1
263,1,14
263,2,14
263,3,5
263,4,14
263,5,14
263,6,14
263,7,14
263,8,14
264,0,15
264,1,10
264,2,10
264,3,15
264,4,10
264,5,10
264,6,10
264,7,10
264,8,10
265,0,15
265,1,10
265,2,10
265,3,15
265,4,10
265,5,10
265,6,10
265,7,10
265,8,10
266,0,15
266,1,8
266,2,8
266,3,1
266,4,8
266,5,8
266,6,8
266,7,8
266,8,8
267,0,2
267,1,9
267,2,9
267,3,12
267,4,9
267,5,9
267,6,9
267,7,9
267,8,9
268,0,6
268,1,9
268,2,9
268,3,12
268,4,9
268,5,9
268,6,9
268,7,9
268,8,9
269,0,15
269,1,18
269,2,18
269,3,15
269,4,18
269,5,18
269,6,18
269,7,18
269,8,18
270,0,15
270,1,18
270,2,18
270,3,15
270,4,18
270,5,18
270,6,18
270,7,18
270,8,18
271,0,15
271,1,16
271,2,16
271,3,1
271,4,16
271,5,16
271,6,16
271,7,16
271,8,16
272,0,15
272,1,16
272,2,16
272,3,1
272,4,16
272,5,16
272,6,16
272,7,16
272,8,16
273,0,6
273,1,0
273,2,0
273,3,1
273,4,0
273,5,0
273,6,0
273,7,0
273,8,0
274,0,1
274,1,1
274,2,1
274,3,1
274,4,1
274,5,1
274,6,1
274,7,1
274,8,1
275,0,1
275,1,1
275,2,1
275,3,1
275,4,1
275,5,1
275,6,1
275,7,1
275,8,1
276,0,1
276,1,1
276,2,1
276,3,1
276,4,1
276,5,1
276,6,1
276,7,1
276,8,1
277,0,1
277,1,1
277,2,1
277,3,1
277,4,1
277,5,1
277,6,1
277,7,1
277,8,12
278,0,1
278,1,1
278,2,1
278,3,1
278,4,1
278,5,1
278,6,1
278,7,1
278,8,1
279,0,1
279,1,1
279,2,1
279,3,1
279,4,1
279,5,1
279,6,1
279,7,1
279,8,1
280,0,1
280,1,1
280,2,1
280,3,1
280,4,1
280,5,1
280,6,1
280,7,1
280,8,1
281,0,1
281,1,1
281,2,1
281,3,1
281,4,1
281,5,1
281,6,1
281,7,1
281,8,1
282,0,1
282,1,1
282,2,1
282,3,1
282,4,1
282,5,1
282,6,1
282,7,1
282,8,12
283,0,5
283,1,5
283,2,5
283,3,5
283,4,5
283,5,5
283,6,5
283,7,5
283,8,5
284,0,5
284,1,5
284,2,5
284,3,5
284,4,5
284,5,5
284,6,5
284,7,5
284,8,5
285,0,5
285,1,5
285,2,5
285,3,5
285,4,5
285,5,5
285,6,5
285,7,5
285,8,5
286,0,5
286,1,5
286,2,5
286,3,5
286,4,5
286,5,5
286,6,5
286,7,5
286,8,5
287,0,1
287,1,5
287,2,5
287,3,1
287,4,5
287,5,1
287,6,5
287,7,5
287,8,5
288,0,12
288,1,5
288,2,5
288,3,12
288,4,5
288,5,5
288,6,5
288,7,5
288,8,5
289,0,5
289,1,5
289,2,5
289,3,5
289,4,5
289,5,5
289,6,5
289,7,5
289,8,5
290,0,12
290,1,5
290,2,5
290,3,5
290,4,5
290,5,5
290,6,5
290,7,5
290,8,5
291,0,5
291,1,5
291,2,5
291,3,5
291,4,5
291,5,5
291,6,5
291,7,5
291,8,5
292,0,15
292,1,17
292,2,17
292,3,15
292,4,17
292,5,17
292,6,17
292,7,17
292,8,17
293,0,1
293,1,17
293,2,17
293,3,12
293,4,17
293,5,17
293,6,17
293,7,17
293,8,17
294,0,12
294,1,12
294,2,12
294,3,12
294,4,12
294,5,12
294,6,12
294,7,12
294,8,12
295,0,12
295,1,12
295,2,12
295,3,12
295,4,12
295,5,12
295,6,12
295,7,12
295,8,12
296,0,12
296,1,12
296,2,12
296,3,12
296,4,12
296,5,12
296,6,12
296,7,12
296,8,12
297,0,12
297,1,5
297,2,12
297,3,12
297,4,5
297,5,5
297,6,5
297,7,5
297,8,5
298,0,12
298,1,12
298,2,12
298,3,12
298,4,12
298,5,12
298,6,12
298,7,12
298,8,12
299,0,12
299,1,12
299,2,12
299,3,12
299,4,12
299,5,12
299,6,12
299,7,12
299,8,12
300,0,12
300,1,12
300,2,12
300,3,12
300,4,12
300,5,12
300,6,12
300,7,12
300,8,12
301,0,12
301,1,12
301,2,12
301,3,12
301,4,12
301,5,12
301,6,12
301,7,12
301,8,12
302,0,12
302,1,12
302,2,12
302,3,12
302,4,12
302,5,12
302,6,12
302,7,12
302,8,12
303,0,15
303,1,15
303,2,15
303,3,15
303,4,15
303,5,15
303,6,15
303,7,15
303,8,15
304,0,15
304,1,15
304,2,15
304,3,15
304,4,15
304,5,15
304,6,15
304,7,15
304,8,15
305,0,15
305,1,15
305,2,15
305,3,15
305,4,15
305,5,15
305,6,15
305,7,15
305,8,15
306,0,15
306,1,15
306,2,15
306,3,15
306,4,15
306,5,15
306,6,15
306,7,15
306,8,15
307,0,15
307,1,15
307,2,15
307,3,15
307,4,15
307,5,15
307,6,15
307,7,15
307,8,15
308,0,15
308,1,15
308,2,15
308,3,15
308,4,15
308,5,15
308,6,15
308,7,15
308,8,15
309,0,15
309,1,15
309,2,15
309,3,15
309,4,15
309,5,15
309,6,15
309,7,15
309,8,15
310,0,15
310,1,15
310,2,15
310,3,15
310,4,15
310,5,15
310,6,15
310,7,15
310,8,15
311,0,15
311,1,15
311,2,15
311,3,15
311,4,15
311,5,15
311,6,15
311,7,15
311,8,15
312,0,15
312,1,2
312,2,2
312,3,12
312,4,2
312,5,2
312,6,2
312,7,2
312,8,2
313,0,15
313,1,2
313,2,2
313,3,15
313,4,2
313,5,2
313,6,2
313,7,2
313,8,2
314,0,15
314,1,2
314,2,2
314,3,12
314,4,2
314,5,2
314,6,2
314,7,2
314,8,2
315,0,15
315,1,2
315,2,2
315,3,12
315,4,2
315,5,2
315,6,2
315,7,2
315,8,2
316,0,15
316,1,2
316,2,2
316,3,12
316,4,2
316,5,2
316,6,2
316,7,2
316,8,2
317,0,6
317,1,6
317,2,6
317,3,6
317,4,6
317,5,6
317,6,6
317,7,6
317,8,6
318,0,6
318,1,6
318,2,6
318,3,6
318,4,6
318,5,6
318,6,6
318,7,6
318,8,6
319,0,6
319,1,6
319,2,6
319,3,6
319,4,6
319,5,6
319,6,6
319,7,6
319,8,6
320,0,6
320,1,6
320,2,6
320,3,6
320,4,6
320,5,6
320,6,6
320,7,6
320,8,6
321,0,15
321,1,7
321,2,7
321,3,15
321,4,7
321,5,7
321,6,7
321,7,7
321,8,7
322,0,15
322,1,7
322,2,7
322,3,15
322,4,7
322,5,7
322,6,7
322,7,7
322,8,7
323,0,1
323,1,4
323,2,4
323,3,5
323,4,4
323,5,4
323,6,4
323,7,4
323,8,4
324,0,5
324,1,4
324,2,4
324,3,5
324,4,4
324,5,4
324,6,4
324,7,4
324,8,4
325,0,5
325,1,11
325,2,11
325,3,5
325,4,11
325,5,11
325,6,11
325,7,11
325,8,11
326,0,5
326,1,11
326,2,11
326,3,1
326,4,11
326,5,11
326,6,11
326,7,11
326,8,11
327,0,5
327,1,3
327,2,4
327,3,5
327,4,3
327,5,3
327,6,3
327,7,5
327,8,3
328,0,1
328,1,3
328,2,3
328,3,5
328,4,3
328,5,3
328,6,3
328,7,3
328,8,3
329,0,5
329,1,13
329,2,13
329,3,5
329,4,13
329,5,13
329,6,13
329,7,13
329,8,13
330,0,5
330,1,5
330,2,5
330,3,5
330,4,5
330,5,5
330,6,5
330,7,5
330,8,5
331,0,5
331,1,14
331,2,14
331,3,1
331,4,14
331,5,14
331,6,14
331,7,14
331,8,14
332,0,15
332,1,10
332,2,10
332,3,15
332,4,10
332,5,10
332,6,10
332,7,10
332,8,10
333,0,15
333,1,10
333,2,10
333,3,15
333,4,10
333,5,10
333,6,10
333,7,10
333,8,10
334,0,15
334,1,8
334,2,8
334,3,15
334,4,8
334,5,8
334,6,8
334,7,8
334,8,8
335,0,6
335,1,9
335,2,9
335,3,1
335,4,9
335,5,9
335,6,9
335,7,9
335,8,9
336,0,6
336,1,9
336,2,9
336,3,12
336,4,9
336,5,9
336,6,9
336,7,9
336,8,9
337,0,15
337,1,18
337,2,18
337,3,15
337,4,18
337,5,18
337,6,18
337,7,18
337,8,18
338,0,15
338,1,18
338,2,18
338,3,15
338,4,18
338,5,18
338,6,18
338,7,18
338,8,18
339,0,15
339,1,16
339,2,16
339,3,1
339,4,16
339,5,16
339,6,16
339,7,16
339,8,16
340,0,6
340,1,16
340,2,16
340,3,1
340,4,16
340,5,16
340,6,16
340,7,16
340,8,16
341,0,6
341,1,0
341,2,0
341,3,1
341,4,0
341,5,0
341,6,0
341,7,0
341,8,0
342,0,1
342,1,1
342,2,1
342,3,1
342,4,1
342,5,1
342,6,1
342,7,1
342,8,1
343,0,1
343,1,1
343,2,1
343,3,1
343,4,1
343,5,1
343,6,1
343,7,1
343,8,1
344,0,1
344,1,1
344,2,1
344,3,1
344,4,1
344,5,1
344,6,1
344,7,1
344,8,1
345,0,1
345,1,1
345,2,1
345,3,1
345,4,1
345,5,1
345,6,1
345,7,1
345,8,1
346,0,5
346,1,1
346,2,12
346,3,1
346,4,12
346,5,12
346,6,12
346,7,12
346,8,12
347,0,1
347,1,1
347,2,1
347,3,1
347,4,1
347,5,1
347,6,1
347,7,1
347,8,1
348,0,1
348,1,1
348,2,1
348,3,1
348,4,1
348,5,1
348,6,1
348,7,1
348,8,1
349,0,1
349,1,1
349,2,1
349,3,1
349,4,1
349,5,1
349,6,1
349,7,1
349,8,1
350,0,1
350,1,1
350,2,12
350,3,1
350,4,12
350,5,1
350,6,1
350,7,1
350,8,12
351,0,12
351,1,5
351,2,5
351,3,12
351,4,5
351,5,5
351,6,5
351,7,5
351,8,5
352,0,5
352,1,5
352,2,5
352,3,5
352,4,5
352,5,5
352,6,5
352,7,5
352,8,5
353,0,5
353,1,5
353,2,5
353,3,5
353,4,5
353,5,5
353,6,5
353,7,12
353,8,5
354,0,12
354,1,5
354,2,5
354,3,12
354,4,5
354,5,5
354,6,5
354,7,5
354,8,5
355,0,5
355,1,5
355,2,5
355,3,5
355,4,5
355,5,5
355,6,5
355,7,5
355,8,5
356,0,5
356,1,5
356,2,5
356,3,5
356,4,5
356,5,5
356,6,5
356,7,5
356,8,5
357,0,5
357,1,5
357,2,5
357,3,5
357,4,5
357,5,5
357,6,5
357,7,5
357,8,5
358,0,5
358,1,5
358,2,5
358,3,5
358,4,5
358,5,5
358,6,5
358,7,5
358,8,1
359,0,5
359,1,5
359,2,5
359,3,5
359,4,5
359,5,5
359,6,5
359,7,5
359,8,5
360,0,12
360,1,17
360,2,17
360,3,12
360,4,17
360,5,17
360,6,17
360,7,17
360,8,17
361,0,1
361,1,17
361,2,17
361,3,12
361,4,17
361,5,17
361,6,17
361,7,17
361,8,1
362,0,12
362,1,12
362,2,12
362,3,12
362,4,12
362,5,12
362,6,12
362,7,12
362,8,12
363,0,12
363,1,12
363,2,12
363,3,12
363,4,12
363,5,12
363,6,12
363,7,12
363,8,12
364,0,1
364,1,12
364,2,12
364,3,1
364,4,12
364,5,12
364,6,12
364,7,12
364,8,12
365,0,1
365,1,1
365,2,1
365,3,1
365,4,12
365,5,1
365,6,1
365,7,1
365,8,1
366,0,12
366,1,12
366,2,12
366,3,12
366,4,12
366,5,12
366,6,12
366,7,12
366,8,12
367,0,12
367,1,12
367,2,12
367,3,12
367,4,12
367,5,12
367,6,12
367,7,12
367,8,12
368,0,12
368,1,12
368,2,12
368,3,12
368,4,12
368,5,12
368,6,12
368,7,12
368,8,12
369,0,1
369,1,1
369,2,1
369,3,1
369,4,1
369,5,1
369,6,1
369,7,1
369,8,1
370,0,12
370,1,12
370,2,12
370,3,12
370,4,12
370,5,12
370,6,12
370,7,12
370,8,5
371,0,15
371,1,15
371,2,15
371,3,15
371,4,15
371,5,15
371,6,15
371,7,15
371,8,15
372,0,15
372,1,15
372,2,15
372,3,15
372,4,15
372,5,15
372,6,15
372,7,15
372,8,15
373,0,15
373,1,15
373,2,15
373,3,15
373,4,15
373,5,15
373,6,15
373,7,15
373,8,15
374,0,15
374,1,15
374,2,15
374,3,15
374,4,15
374,5,15
374,6,15
374,7,15
374,8,15
375,0,15
375,1,15
375,2,15
375,3,15
375,4,15
375,5,15
375,6,15
375,7,15
375,8,15
376,0,15
376,1,15
376,2,15
376,3,15
376,4,15
376,5,15
376,6,15
376,7,15
376,8,15
377,0,15
377,1,15
377,2,15
377,3,15
377,4,15
377,5,15
377,6,15
377,7,15
377,8,15
378,0,15
378,1,15
378,2,15
378,3,15
378,4,15
378,5,15
378,6,15
378,7,15
378,8,15
379,0,15
379,1,15
379,2,15
379,3,15
379,4,15
379,5,15
379,6,15
379,7,15
379,8,15
380,0,2
380,1,2
380,2,2
380,3,12
380,4,2
380,5,2
380,6,2
380,7,2
380,8,2
381,0,15
381,1,2
381,2,2
381,3,15
381,4,2
381,5,2
381,6,2
381,7,2
381,8,2
382,0,15
382,1,2
382,2,2
382,3,15
382,4,2
382,5,2
382,6,2
382,7,2
382,8,2
383,0,15
383,1,2
383,2,2
383,3,15
383,4,2
383,5,2
383,6,2
383,7,2
383,8,2
384,0,15
384,1,6
384,2,6
384,3,15
384,4,6
384,5,6
384,6,6
384,7,6
384,8,6
385,0,6
385,1,6
385,2,6
385,3,6
385,4,6
385,5,6
385,6,6
385,7,6
385,8,6
386,0,6
386,1,6
386,2,6
386,3,6
386,4,6
386,5,6
386,6,6
386,7,6
386,8,6
387,0,6
387,1,6
387,2,6
387,3,6
387,4,6
387,5,6
387,6,6
387,7,6
387,8,6
388,0,12
388,1,6
388,2,6
388,3,12
388,4,6
388,5,6
388,6,6
388,7,6
388,8,6
389,0,15
389,1,7
389,2,7
389,3,15
389,4,7
389,5,7
389,6,7
389,7,7
389,8,7
390,0,15
390,1,7
390,2,7
390,3,15
390,4,7
390,5,7
390,6,7
390,7,7
390,8,7
391,0,5
391,1,4
391,2,4
391,3,15
391,4,4
391,5,4
391,6,4
391,7,4
391,8,4
392,0,1
392,1,4
392,2,4
392,3,5
392,4,4
392,5,4
392,6,4
392,7,4
392,8,4
393,0,1
393,1,11
393,2,11
393,3,1
393,4,11
393,5,11
393,6,11
393,7,11
393,8,11
394,0,1
394,1,11
394,2,11
394,3,1
394,4,11
394,5,11
394,6,11
394,7,11
394,8,11
395,0,1
395,1,3
395,2,3
395,3,1
395,4,3
395,5,3
395,6,3
395,7,3
395,8,3
396,0,1
396,1,3
396,2,3
396,3,1
396,4,3
396,5,3
396,6,3
396,7,3
396,8,3
397,0,5
397,1,13
397,2,13
397,3,15
397,4,13
397,5,13
397,6,13
397,7,13
397,8,13
398,0,1
398,1,14
398,2,5
398,3,1
398,4,5
398,5,5
398,6,5
398,7,14
398,8,5
399,0,5
399,1,14
399,2,14
399,3,5
399,4,14
399,5,14
399,6,5
399,7,14
399,8,5
400,0,15
400,1,10
400,2,10
400,3,15
400,4,10
400,5,10
400,6,10
400,7,10
400,8,10
401,0,15
401,1,10
401,2,10
401,3,15
401,4,10
401,5,10
401,6,10
401,7,10
401,8,10
402,0,15
402,1,8
402,2,8
402,3,15
402,4,8
402,5,8
402,6,8
402,7,8
402,8,8
403,0,15
403,1,9
403,2,9
403,3,5
403,4,9
403,5,9
403,6,9
403,7,9
403,8,9
404,0,6
404,1,9
404,2,9
404,3,1
404,4,9
404,5,9
404,6,9
404,7,9
404,8,9
405,0,15
405,1,18
405,2,18
405,3,15
405,4,18
405,5,18
405,6,18
405,7,18
405,8,18
406,0,15
406,1,18
406,2,18
406,3,15
406,4,18
406,5,18
406,6,18
406,7,18
406,8,18
407,0,15
407,1,16
407,2,16
407,3,5
407,4,16
407,5,16
407,6,16
407,7,16
407,8,16
408,0,6
408,1,17
408,2,16
408,3,5
408,4,16
408,5,16
408,6,16
408,7,16
408,8,16
409,0,6
409,1,0
409,2,0
409,3,1
409,4,0
409,5,0
409,6,0
409,7,0
409,8,0
410,0,1
410,1,1
410,2,1
410,3,1
410,4,1
410,5,1
410,6,1
410,7,1
410,8,1
411,0,1
411,1,1
411,2,1
411,3,1
411,4,1
411,5,1
411,6,1
411,7,1
411,8,1
412,0,5
412,1,12
412,2,12
412,3,5
412,4,12
412,5,1
412,6,1
412,7,1
412,8,12
413,0,1
413,1,1
413,2,1
413,3,1
413,4,1
413,5,1
413,6,1
413,7,1
413,8,1
414,0,1
414,1,1
414,2,1
414,3,1
414,4,1
414,5,5
414,6,1
414,7,1
414,8,1
415,0,1
415,1,1
415,2,1
415,3,1
415,4,1
415,5,1
415,6,1
415,7,1
415,8,1
416,0,1
416,1,1
416,2,1
416,3,1
416,4,12
416,5,1
416,6,1
416,7,1
416,8,12
417,0,1
417,1,1
417,2,1
417,3,1
417,4,1
417,5,1
417,6,1
417,7,1
417,8,1
418,0,1
418,1,1
418,2,1
418,3,1
418,4,1
418,5,1
418,6,1
418,7,1
418,8,1
419,0,5
419,1,5
419,2,5
419,3,5
419,4,5
419,5,5
419,6,5
419,7,5
419,8,5
420,0,5
420,1,5
420,2,5
420,3,5
420,4,5
420,5,5
420,6,5
420,7,5
420,8,5
421,0,12
421,1,5
421,2,5
421,3,5
421,4,5
421,5,5
421,6,5
421,7,5
421,8,5
422,0,12
422,1,12
422,2,5
422,3,12
422,4,12
422,5,12
422,6,12
422,7,12
422,8,5
423,0,12
423,1,5
423,2,5
423,3,12
423,4,5
423,5,5
423,6,5
423,7,5
423,8,5
424,0,5
424,1,5
424,2,5
424,3,5
424,4,5
424,5,5
424,6,5
424,7,5
424,8,5
425,0,12
425,1,5
425,2,5
425,3,12
425,4,5
425,5,5
425,6,5
425,7,5
425,8,5
426,0,5
426,1,5
426,2,5
426,3,5
426,4,5
426,5,5
426,6,5
426,7,5
426,8,5
427,0,1
427,1,5
427,2,5
427,3,1
427,4,5
427,5,5
427,6,5
427,7,5
427,8,5
428,0,1
428,1,17
428,2,17
428,3,12
428,4,17
428,5,17
428,6,17
428,7,17
428,8,17
429,0,15
429,1,17
429,2,17
429,3,15
429,4,17
429,5,17
429,6,17
429,7,17
429,8,17
430,0,12
430,1,12
430,2,5
430,3,12
430,4,12
430,5,12
430,6,9
430,7,12
430,8,1
431,0,1
431,1,1
431,2,1
431,3,1
431,4,12
431,5,1
431,6,1
431,7,1
431,8,1
432,0,12
432,1,12
432,2,12
432,3,12
432,4,12
432,5,12
432,6,12
432,7,12
432,8,12
433,0,12
433,1,12
433,2,12
433,3,12
433,4,12
433,5,12
433,6,12
433,7,12
433,8,12
434,0,12
434,1,12
434,2,12
434,3,12
434,4,12
434,5,12
434,6,12
434,7,12
434,8,12
435,0,12
435,1,12
435,2,12
435,3,12
435,4,12
435,5,12
435,6,12
435,7,12
435,8,12
436,0,12
436,1,12
436,2,12
436,3,12
436,4,12
436,5,12
436,6,12
436,7,12
436,8,12
437,0,12
437,1,12
437,2,12
437,3,12
437,4,12
437,5,12
437,6,12
437,7,12
437,8,12
438,0,12
438,1,12
438,2,12
438,3,12
438,4,12
438,5,12
438,6,12
438,7,12
438,8,12
439,0,15
439,1,15
439,2,15
439,3,15
439,4,15
439,5,15
439,6,15
439,7,15
439,8,15
440,0,15
440,1,15
440,2,15
440,3,15
440,4,15
440,5,15
440,6,15
440,7,15
440,8,15
441,0,15
441,1,15
441,2,15
441,3,15
441,4,15
441,5,15
441,6,15
441,7,15
441,8,15
442,0,15
442,1,15
442,2,15
442,3,15
442,4,15
442,5,15
442,6,15
442,7,15
442,8,15
443,0,15
443,1,15
443,2,15
443,3,15
443,4,15
443,5,15
443,6,15
443,7,15
443,8,15
444,0,15
444,1,15
444,2,15
444,3,15
444,4,15
444,5,15
444,6,15
444,7,15
444,8,15
445,0,15
445,1,15
445,2,15
445,3,15
445,4,15
445,5,15
445,6,15
445,7,15
445,8,15
446,0,15
446,1,15
446,2,15
446,3,15
446,4,15
446,5,15
446,6,15
446,7,15
446,8,15
447,0,15
447,1,15
447,2,15
447,3,15
447,4,15
447,5,15
447,6,15
447,7,15
447,8,15
448,0,15
448,1,2
448,2,2
448,3,15
448,4,2
448,5,2
448,6,2
448,7,2
448,8,2
449,0,15
449,1,2
449,2,2
449,3,15
449,4,2
449,5,2
449,6,2
449,7,2
449,8,2
450,0,15
450,1,2
450,2,2
450,3,15
450,4,2
450,5,2
450,6,2
450,7,2
450,8,2
451,0,2
451,1,2
451,2,2
451,3,15
451,4,2
451,5,2
451,6,2
451,7,2
451,8,2
452,0,6
452,1,6
452,2,6
452,3,6
452,4,6
452,5,6
452,6,6
452,7,6
452,8,6
453,0,12
453,1,6
453,2,6
453,3,15
453,4,6
453,5,6
453,6,6
453,7,6
453,8,6
454,0,15
454,1,6
454,2,6
454,3,15
454,4,6
454,5,6
454,6,6
454,7,6
454,8,6
455,0,15
455,1,6
455,2,6
455,3,15
455,4,6
455,5,6
455,6,6
455,7,6
455,8,6
456,0,6
456,1,6
456,2,6
456,3,6
456,4,6
456,5,6
456,6,6
456,7,6
456,8,6
457,0,15
457,1,7
457,2,7
457,3,15
457,4,7
457,5,7
457,6,7
457,7,7
457,8,7
458,0,15
458,1,7
458,2,7
458,3,15
458,4,7
458,5,7
458,6,7
458,7,7
458,8,7
459,0,1
459,1,4
459,2,4
459,3,1
459,4,4
459,5,4
459,6,3
459,7,3
459,8,4
460,0,1
460,1,3
460,2,3
460,3,5
460,4,3
460,5,3
460,6,3
460,7,3
460,8,3
461,0,5
461,1,11
461,2,11
461,3,5
461,4,11
461,5,11
461,6,11
461,7,11
461,8,11
462,0,1
462,1,11
462,2,11
462,3,1
462,4,11
462,5,11
462,6,11
462,7,11
462,8,11
463,0,5
463,1,3
463,2,3
463,3,5
463,4,3
463,5,3
463,6,3
463,7,3
463,8,3
464,0,1
464,1,3
464,2,3
464,3,1
464,4,3
464,5,3
464,6,3
464,7,3
464,8,3
465,0,15
465,1,13
465,2,13
465,3,15
465,4,13
465,5,13
465,6,13
465,7,13
465,8,13
466,0,1
466,1,14
466,2,14
466,3,1
466,4,14
466,5,14
466,6,14
466,7,14
466,8,14
467,0,1
467,1,14
467,2,14
467,3,1
467,4,14
467,5,14
467,6,14
467,7,14
467,8,14
468,0,15
468,1,10
468,2,10
468,3,15
468,4,10
468,5,10
468,6,10
468,7,10
468,8,10
469,0,15
469,1,10
469,2,10
469,3,15
469,4,10
469,5,10
469,6,10
469,7,10
469,8,10
470,0,15
470,1,8
470,2,8
470,3,15
470,4,8
470,5,8
470,6,8
470,7,8
470,8,8
471,0,2
471,1,9
471,2,9
471,3,12
471,4,9
471,5,9
471,6,9
471,7,9
471,8,9
472,0,15
472,1,18
472,2,18
472,3,15
472,4,18
472,5,18
472,6,18
472,7,18
472,8,18
473,0,15
473,1,18
473,2,18
473,3,15
473,4,18
473,5,18
473,6,18
473,7,18
473,8,18
474,0,6
474,1,4
474,2,16
474,3,5
474,4,16
474,5,16
474,6,16
474,7,16
474,8,16
475,0,6
475,1,16
475,2,16
475,3,5
475,4,16
475,5,16
475,6,16
475,7,16
475,8,16
476,0,6
476,1,0
476,2,0
476,3,1
476,4,0
476,5,0
476,6,0
476,7,0
476,8,0
477,0,6
477,1,0
477,2,0
477,3,1
477,4,0
477,5,0
477,6,0
477,7,0
477,8,0
478,0,1
478,1,1
478,2,1
478,3,1
478,4,12
478,5,12
478,6,12
478,7,1
478,8,12
479,0,1
479,1,1
479,2,1
479,3,1
479,4,1
479,5,1
479,6,1
479,7,1
479,8,1
480,0,1
480,1,1
480,2,1
480,3,1
480,4,12
480,5,1
480,6,1
480,7,1
480,8,1
481,0,1
481,1,1
481,2,1
481,3,1
481,4,1
481,5,1
481,6,1
481,7,1
481,8,1
482,0,1
482,1,1
482,2,1
482,3,1
482,4,12
482,5,1
482,6,1
482,7,1
482,8,1
483,0,1
483,1,1
483,2,1
483,3,1
483,4,1
483,5,1
483,6,1
483,7,1
483,8,1
484,0,1
484,1,1
484,2,1
484,3,1
484,4,12
484,5,1
484,6,1
484,7,1
484,8,1
485,0,1
485,1,1
485,2,1
485,3,1
485,4,1
485,5,1
485,6,1
485,7,1
485,8,1
486,0,1
486,1,1
486,2,1
486,3,1
486,4,1
486,5,1
486,6,1
486,7,1
486,8,1
487,0,12
487,1,5
487,2,5
487,3,5
487,4,5
487,5,5
487,6,5
487,7,5
487,8,5
488,0,5
488,1,5
488,2,5
488,3,5
488,4,5
488,5,5
488,6,5
488,7,5
488,8,5
489,0,5
489,1,5
489,2,5
489,3,5
489,4,5
489,5,5
489,6,5
489,7,5
489,8,5
490,0,5
490,1,5
490,2,5
490,3,5
490,4,5
490,5,5
490,6,5
490,7,5
490,8,5
491,0,5
491,1,5
491,2,5
491,3,5
491,4,5
491,5,5
491,6,5
491,7,5
491,8,5
492,0,1
492,1,5
492,2,5
492,3,5
492,4,5
492,5,14
492,6,5
492,7,5
492,8,14
493,0,5
493,1,5
493,2,5
493,3,5
493,4,5
493,5,5
493,6,5
493,7,5
493,8,5
494,0,5
494,1,5
494,2,5
494,3,5
494,4,5
494,5,5
494,6,5
494,7,5
494,8,5
495,0,1
495,1,5
495,2,5
495,3,5
495,4,5
495,5,5
495,6,5
495,7,5
495,8,5
496,0,15
496,1,17
496,2,17
496,3,15
496,4,17
496,5,17
496,6,17
496,7,17
496,8,17
497,0,15
497,1,17
497,2,17
497,3,15
497,4,17
497,5,17
497,6,17
497,7,17
497,8,17
498,0,5
498,1,1
498,2,1
498,3,1
498,4,12
498,5,1
498,6,1
498,7,1
498,8,1
499,0,5
499,1,1
499,2,1
499,3,5
499,4,5
499,5,1
499,6,1
499,7,1
499,8,1
500,0,12
500,1,12
500,2,12
500,3,12
500,4,12
500,5,12
500,6,12
500,7,12
500,8,12
501,0,1
501,1,1
501,2,1
501,3,1
501,4,1
501,5,1
501,6,1
501,7,1
501,8,1
502,0,12
502,1,12
502,2,12
502,3,12
502,4,12
502,5,12
502,6,12
502,7,12
502,8,12
503,0,12
503,1,12
503,2,12
503,3,12
503,4,12
503,5,12
503,6,12
503,7,12
503,8,12
504,0,12
504,1,12
504,2,12
504,3,12
504,4,12
504,5,12
504,6,12
504,7,12
504,8,12
505,0,12
505,1,12
505,2,12
505,3,12
505,4,12
505,5,12
505,6,12
505,7,12
505,8,12
506,0,12
506,1,12
506,2,12
506,3,12
506,4,12
506,5,12
506,6,12
506,7,12
506,8,12
507,0,15
507,1,15
507,2,15
507,3,15
507,4,15
507,5,15
507,6,15
507,7,15
507,8,15
508,0,15
508,1,15
508,2,15
508,3,15
508,4,15
508,5,15
508,6,15
508,7,15
508,8,15
509,0,15
509,1,15
509,2,15
509,3,15
509,4,15
509,5,15
509,6,15
509,7,15
509,8,15
510,0,15
510,1,15
510,2,15
510,3,15
510,4,15
510,5,15
510,6,15
510,7,15
510,8,15
511,0,15
511,1,15
511,2,15
511,3,15
511,4,15
511,5,15
511,6,15
511,7,15
511,8,15
512,0,15
512,1,15
512,2,15
512,3,15
512,4,15
512,5,15
512,6,15
512,7,15
512,8,15
513,0,15
513,1,15
513,2,15
513,3,15
513,4,15
513,5,15
513,6,15
513,7,15
513,8,15
514,0,15
514,1,15
514,2,15
514,3,15
514,4,15
514,5,15
514,6,15
514,7,15
514,8,15
515,0,15
515,1,15
515,2,15
515,3,15
515,4,15
515,5,15
515,6,15
515,7,15
515,8,15
516,0,15
516,1,2
516,2,2
516,3,15
516,4,2
516,5,2
516,6,2
516,7,2
516,8,2
517,0,15
517,1,2
517,2,2
517,3,15
517,4,2
517,5,2
517,6,2
517,7,2
517,8,2
518,0,15
518,1,2
518,2,2
518,3,12
518,4,2
518,5,2
518,6,2
518,7,2
518,8,2
519,0,15
519,1,2
519,2,2
519,3,15
519,4,2
519,5,2
519,6,2
519,7,2
519,8,2
520,0,15
520,1,6
520,2,6
520,3,15
520,4,6
520,5,6
520,6,6
520,7,6
520,8,6
521,0,15
521,1,6
521,2,6
521,3,15
521,4,6
521,5,6
521,6,6
521,7,6
521,8,6
522,0,5
522,1,6
522,2,6
522,3,15
522,4,6
522,5,6
522,6,6
522,7,6
522,8,6
523,0,12
523,1,6
523,2,6
523,3,15
523,4,6
523,5,6
523,6,6
523,7,6
523,8,6
524,0,6
524,1,6
524,2,6
524,3,6
524,4,6
524,5,6
524,6,6
524,7,6
524,8,6
525,0,15
525,1,7
525,2,7
525,3,15
525,4,7
525,5,7
525,6,7
525,7,7
525,8,7
526,0,15
526,1,7
526,2,7
526,3,15
526,4,7
526,5,7
526,6,7
526,7,7
526,8,7
527,0,5
527,1,4
527,2,4
527,3,5
527,4,4
527,5,4
527,6,4
527,7,4
527,8,4
528,0,5
528,1,4
528,2,4
528,3,5
528,4,4
528,5,4
528,6,4
528,7,4
528,8,4
529,0,5
529,1,11
529,2,11
529,3,5
529,4,11
529,5,11
529,6,11
529,7,11
529,8,11
530,0,5
530,1,11
530,2,11
530,3,5
530,4,11
530,5,11
530,6,11
530,7,11
530,8,11
531,0,5
531,1,3
531,2,3
531,3,5
531,4,3
531,5,3
531,6,3
531,7,3
531,8,3
532,0,1
532,1,3
532,2,3
532,3,1
532,4,3
532,5,3
532,6,3
532,7,3
532,8,3
533,0,1
533,1,14
533,2,5
533,3,5
533,4,14
533,5,5
533,6,14
533,7,14
533,8,5
534,0,5
534,1,14
534,2,14
534,3,5
534,4,14
534,5,14
534,6,14
534,7,14
534,8,14
535,0,15
535,1,10
535,2,10
535,3,15
535,4,10
535,5,10
535,6,10
535,7,10
535,8,10
536,0,15
536,1,10
536,2,10
536,3,15
536,4,10
536,5,10
536,6,10
536,7,10
536,8,10
537,0,15
537,1,8
537,2,8
537,3,1
537,4,8
537,5,8
537,6,8
537,7,8
537,8,8
538,0,15
538,1,8
538,2,8
538,3,15
538,4,8
538,5,8
538,6,8
538,7,8
538,8,8
539,0,2
539,1,9
539,2,9
539,3,12
539,4,9
539,5,9
539,6,9
539,7,9
539,8,9
540,0,15
540,1,18
540,2,18
540,3,15
540,4,18
540,5,18
540,6,18
540,7,18
540,8,18
541,0,15
541,1,18
541,2,18
541,3,15
541,4,18
541,5,18
541,6,18
541,7,18
541,8,18
542,0,15
542,1,16
542,2,16
542,3,5
542,4,16
542,5,16
542,6,16
542,7,16
542,8,16
543,0,6
543,1,16
543,2,16
543,3,1
543,4,16
543,5,16
543,6,16
543,7,16
543,8,16
544,0,6
544,1,0
544,2,0
544,3,1
544,4,0
544,5,0
544,6,0
544,7,0
544,8,0
545,0,6
545,1,0
545,2,0
545,3,1
545,4,0
545,5,0
545,6,0
545,7,0
545,8,0
546,0,1
546,1,1
546,2,1
546,3,1
546,4,1
546,5,1
546,6,1
546,7,1
546,8,1
547,0,1
547,1,1
547,2,1
547,3,1
547,4,1
547,5,1
547,6,1
547,7,1
547,8,1
548,0,1
548,1,1
548,2,1
548,3,1
548,4,1
548,5,1
548,6,1
548,7,1
548,8,1
549,0,1
549,1,1
549,2,1
549,3,1
549,4,1
549,5,1
549,6,1
549,7,1
549,8,1
550,0,5
550,1,1
550,2,1
550,3,1
550,4,12
550,5,1
550,6,1
550,7,1
550,8,1
551,0,1
551,1,1
551,2,1
551,3,1
551,4,1
551,5,1
551,6,1
551,7,1
551,8,1
